{
  "inertia": 354.22528076171875,
  "silhouette_score": 0.18705834448337555,
  "cluster_sizes": {
    