Modularity_qC,Output_Alphas,Alphas_Config,Change_Mode,Change_Frequency
0.46409829173758166,"[0.5, 1, 0.5, 0.7, 0.8, 1]","[0.5, 1, 0.5, 0.7, 0.8, 1]",communities,0.5
0.46409829173758166,"[0.5, 1, 0.5, 0.7, 0.8, 1]","[0.5, 1, 0.5, 0.7, 0.8, 1]",communities,0.5
0.46409829173758166,"[0.5, 1, 0.5, 0.7, 0.8, 1]","[0.5, 1, 0.5, 0.7, 0.8, 1]",communities,0.5
0.46409829173758166,"[0.5, 1, 0.5, 0.7, 0.8, 1]","[0.5, 1, 0.5, 0.7, 0.8, 1]",communities,0.5
0.46409829173758166,"[0.5, 1, 0.5, 0.7, 0.8, 1]","[0.5, 1, 0.5, 0.7, 0.8, 1]",communities,0.5
