Algorithm,isPartition,Nodes,Edges,Modularity
EC-Louvain,Node2Vec+kmeans,242,8317,0.2710314717748554
EC-Louvain,Node2Vec+kmeans,242,8317,0.2840350373975989
EC-Louvain,deepwalk+kmeans,242,8317,0.27135567580920794
EC-Louvain,deepwalk+kmeans,242,8317,0.2840350373975989
ec_louvain_hyper2vec_hyper2vec_kmeans_partition_20250706_183239.json,Yes,242,8317,0.519966232308353,0.5199662323083528
ec_louvain_hyper2vec_hyper2vec_kmeans_partition_20250706_183321.json,Yes,242,8317,0.519966232308353,0.5199662323083529
ec_louvain_hyper2vec_hyper2vec_kmeans_partition_20250706_185112.json,Yes,242,8317,0.5199662323083529,0.519966232308353
ec_louvain_hyper2vec_hyper2vec_kmeans_partition_20250706_190916.json,Yes,242,8317,0.519966232308353,0.5199662323083528
hLouvain,-1,242,12704,0.46409829173758166
pure_louvain,-1,242,8317,0.2840350373975989
EC-Louvain,Node2Vec+kmeans,294,22880,0.2595768426558145
EC-Louvain,Node2Vec+kmeans,294,22880,0.25957684265581443
EC-Louvain,deepwalk+kmeans,294,22880,0.24855089185290227
EC-Louvain,deepwalk+kmeans,294,22880,0.24855089185290227
ec_louvain_hyper2vec_hyper2vec_kmeans_partition_20250706_183239.json,Yes,294,22880,0.23515510557356084,0.23515510557356087
ec_louvain_hyper2vec_hyper2vec_kmeans_partition_20250706_183321.json,Yes,294,22880,0.23515510557356084,0.23515510557356087
ec_louvain_hyper2vec_hyper2vec_kmeans_partition_20250706_185112.json,Yes,294,22880,0.2348169557843634,0.23481695578436346
ec_louvain_hyper2vec_hyper2vec_kmeans_partition_20250706_190916.json,Yes,294,22880,0.2348169557843634,0.23481695578436346
ec_louvain_hyper2vec_hyper2vec_kmeans_partition_20250706_195539.json,Yes,294,22880,0.224595178557751,0.22459517855775096
